{
  "resourceType" : "CodeSystem",
  "id" : "iso3166",
  "url" : "urn:iso:std:iso:3166",
  "version" : "2017",
  "name" : "ISO 3166 Country Codes, Part 1",
  "status" : "active",
  "experimental" : false,
  "date" : "2018-02-08",
  "publisher" : "ISO",
  "contact" : [
    {
      "name" : "FHIR project team",
      "telecom" : [
        {
          "system" : "url",
          "value" : "http://hl7.org/fhir"
        }
      ]
    }
  ],
  "description" : "ISO Country codes, including 2 letter, 3 letter, and numeric codes",
  "content" : "complete",
  "concept" : [
    {
      "code" : "AD",
      "display" : "Andorra"
    },
    {
      "code" : "AE",
      "display" : "United Arab Emirates"
    },
    {
      "code" : "AF",
      "display" : "Afghanistan"
    },
    {
      "code" : "AG",
      "display" : "Antigua and Barbuda"
    },
    {
      "code" : "AI",
      "display" : "Anguilla"
    },
    {
      "code" : "AL",
      "display" : "Albania"
    },
    {
      "code" : "AM",
      "display" : "Armenia"
    },
    {
      "code" : "AO",
      "display" : "Angola"
    },
    {
      "code" : "AQ",
      "display" : "Antarctica"
    },
    {
      "code" : "AR",
      "display" : "Argentina"
    },
    {
      "code" : "AS",
      "display" : "American Samoa"
    },
    {
      "code" : "AT",
      "display" : "Austria"
    },
    {
      "code" : "AU",
      "display" : "Australia"
    },
    {
      "code" : "AW",
      "display" : "Aruba"
    },
    {
      "code" : "AX",
      "display" : "Åland Islands"
    },
    {
      "code" : "AZ",
      "display" : "Azerbaijan"
    },
    {
      "code" : "BA",
      "display" : "Bosnia and Herzegovina"
    },
    {
      "code" : "BB",
      "display" : "Barbados"
    },
    {
      "code" : "BD",
      "display" : "Bangladesh"
    },
    {
      "code" : "BE",
      "display" : "Belgium"
    },
    {
      "code" : "BF",
      "display" : "Burkina Faso"
    },
    {
      "code" : "BG",
      "display" : "Bulgaria"
    },
    {
      "code" : "BH",
      "display" : "Bahrain"
    },
    {
      "code" : "BI",
      "display" : "Burundi"
    },
    {
      "code" : "BJ",
      "display" : "Benin"
    },
    {
      "code" : "BL",
      "display" : "Saint Barthélemy"
    },
    {
      "code" : "BM",
      "display" : "Bermuda"
    },
    {
      "code" : "BN",
      "display" : "Brunei Darussalam"
    },
    {
      "code" : "BO",
      "display" : "Bolivia, Plurinational State of"
    },
    {
      "code" : "BQ",
      "display" : "Bonaire, Sint Eustatius and Saba"
    },
    {
      "code" : "BR",
      "display" : "Brazil"
    },
    {
      "code" : "BS",
      "display" : "Bahamas"
    },
    {
      "code" : "BT",
      "display" : "Bhutan"
    },
    {
      "code" : "BV",
      "display" : "Bouvet Island"
    },
    {
      "code" : "BW",
      "display" : "Botswana"
    },
    {
      "code" : "BY",
      "display" : "Belarus"
    },
    {
      "code" : "BZ",
      "display" : "Belize"
    },
    {
      "code" : "CA",
      "display" : "Canada"
    },
    {
      "code" : "CC",
      "display" : "Cocos (Keeling) Islands"
    },
    {
      "code" : "CD",
      "display" : "Congo, the Democratic Republic of the"
    },
    {
      "code" : "CF",
      "display" : "Central African Republic"
    },
    {
      "code" : "CG",
      "display" : "Congo"
    },
    {
      "code" : "CH",
      "display" : "Switzerland"
    },
    {
      "code" : "CI",
      "display" : "Côte d''Ivoire"
    },
    {
      "code" : "CK",
      "display" : "Cook Islands"
    },
    {
      "code" : "CL",
      "display" : "Chile"
    },
    {
      "code" : "CM",
      "display" : "Cameroon"
    },
    {
      "code" : "CN",
      "display" : "China"
    },
    {
      "code" : "CO",
      "display" : "Colombia"
    },
    {
      "code" : "CR",
      "display" : "Costa Rica"
    },
    {
      "code" : "CU",
      "display" : "Cuba"
    },
    {
      "code" : "CV",
      "display" : "Cabo Verde"
    },
    {
      "code" : "CW",
      "display" : "Curaçao"
    },
    {
      "code" : "CX",
      "display" : "Christmas Island"
    },
    {
      "code" : "CY",
      "display" : "Cyprus"
    },
    {
      "code" : "CZ",
      "display" : "Czechia"
    },
    {
      "code" : "DE",
      "display" : "Germany"
    },
    {
      "code" : "DJ",
      "display" : "Djibouti"
    },
    {
      "code" : "DK",
      "display" : "Denmark"
    },
    {
      "code" : "DM",
      "display" : "Dominica"
    },
    {
      "code" : "DO",
      "display" : "Dominican Republic"
    },
    {
      "code" : "DZ",
      "display" : "Algeria"
    },
    {
      "code" : "EC",
      "display" : "Ecuador"
    },
    {
      "code" : "EE",
      "display" : "Estonia"
    },
    {
      "code" : "EG",
      "display" : "Egypt"
    },
    {
      "code" : "EH",
      "display" : "Western Sahara"
    },
    {
      "code" : "ER",
      "display" : "Eritrea"
    },
    {
      "code" : "ES",
      "display" : "Spain"
    },
    {
      "code" : "ET",
      "display" : "Ethiopia"
    },
    {
      "code" : "FI",
      "display" : "Finland"
    },
    {
      "code" : "FJ",
      "display" : "Fiji"
    },
    {
      "code" : "FK",
      "display" : "Falkland Islands (Malvinas)"
    },
    {
      "code" : "FM",
      "display" : "Micronesia, Federated States of"
    },
    {
      "code" : "FO",
      "display" : "Faroe Islands"
    },
    {
      "code" : "FR",
      "display" : "France"
    },
    {
      "code" : "GA",
      "display" : "Gabon"
    },
    {
      "code" : "GB",
      "display" : "United Kingdom of Great Britain and Northern Ireland"
    },
    {
      "code" : "GD",
      "display" : "Grenada"
    },
    {
      "code" : "GE",
      "display" : "Georgia"
    },
    {
      "code" : "GF",
      "display" : "French Guiana"
    },
    {
      "code" : "GG",
      "display" : "Guernsey"
    },
    {
      "code" : "GH",
      "display" : "Ghana"
    },
    {
      "code" : "GI",
      "display" : "Gibraltar"
    },
    {
      "code" : "GL",
      "display" : "Greenland"
    },
    {
      "code" : "GM",
      "display" : "Gambia"
    },
    {
      "code" : "GN",
      "display" : "Guinea"
    },
    {
      "code" : "GP",
      "display" : "Guadeloupe"
    },
    {
      "code" : "GQ",
      "display" : "Equatorial Guinea"
    },
    {
      "code" : "GR",
      "display" : "Greece"
    },
    {
      "code" : "GS",
      "display" : "South Georgia and the South Sandwich Islands"
    },
    {
      "code" : "GT",
      "display" : "Guatemala"
    },
    {
      "code" : "GU",
      "display" : "Guam"
    },
    {
      "code" : "GW",
      "display" : "Guinea-Bissau"
    },
    {
      "code" : "GY",
      "display" : "Guyana"
    },
    {
      "code" : "HK",
      "display" : "Hong Kong"
    },
    {
      "code" : "HM",
      "display" : "Heard Island and McDonald Islands"
    },
    {
      "code" : "HN",
      "display" : "Honduras"
    },
    {
      "code" : "HR",
      "display" : "Croatia"
    },
    {
      "code" : "HT",
      "display" : "Haiti"
    },
    {
      "code" : "HU",
      "display" : "Hungary"
    },
    {
      "code" : "ID",
      "display" : "Indonesia"
    },
    {
      "code" : "IE",
      "display" : "Ireland"
    },
    {
      "code" : "IL",
      "display" : "Israel"
    },
    {
      "code" : "IM",
      "display" : "Isle of Man"
    },
    {
      "code" : "IN",
      "display" : "India"
    },
    {
      "code" : "IO",
      "display" : "British Indian Ocean Territory"
    },
    {
      "code" : "IQ",
      "display" : "Iraq"
    },
    {
      "code" : "IR",
      "display" : "Iran, Islamic Republic of"
    },
    {
      "code" : "IS",
      "display" : "Iceland"
    },
    {
      "code" : "IT",
      "display" : "Italy"
    },
    {
      "code" : "JE",
      "display" : "Jersey"
    },
    {
      "code" : "JM",
      "display" : "Jamaica"
    },
    {
      "code" : "JO",
      "display" : "Jordan"
    },
    {
      "code" : "JP",
      "display" : "Japan"
    },
    {
      "code" : "KE",
      "display" : "Kenya"
    },
    {
      "code" : "KG",
      "display" : "Kyrgyzstan"
    },
    {
      "code" : "KH",
      "display" : "Cambodia"
    },
    {
      "code" : "KI",
      "display" : "Kiribati"
    },
    {
      "code" : "KM",
      "display" : "Comoros"
    },
    {
      "code" : "KN",
      "display" : "Saint Kitts and Nevis"
    },
    {
      "code" : "KP",
      "display" : "Korea, Democratic People''s Republic of"
    },
    {
      "code" : "KR",
      "display" : "Korea, Republic of"
    },
    {
      "code" : "KW",
      "display" : "Kuwait"
    },
    {
      "code" : "KY",
      "display" : "Cayman Islands"
    },
    {
      "code" : "KZ",
      "display" : "Kazakhstan"
    },
    {
      "code" : "LA",
      "display" : "Lao People''s Democratic Republic"
    },
    {
      "code" : "LB",
      "display" : "Lebanon"
    },
    {
      "code" : "LC",
      "display" : "Saint Lucia"
    },
    {
      "code" : "LI",
      "display" : "Liechtenstein"
    },
    {
      "code" : "LK",
      "display" : "Sri Lanka"
    },
    {
      "code" : "LR",
      "display" : "Liberia"
    },
    {
      "code" : "LS",
      "display" : "Lesotho"
    },
    {
      "code" : "LT",
      "display" : "Lithuania"
    },
    {
      "code" : "LU",
      "display" : "Luxembourg"
    },
    {
      "code" : "LV",
      "display" : "Latvia"
    },
    {
      "code" : "LY",
      "display" : "Libya"
    },
    {
      "code" : "MA",
      "display" : "Morocco"
    },
    {
      "code" : "MC",
      "display" : "Monaco"
    },
    {
      "code" : "MD",
      "display" : "Moldova, Republic of"
    },
    {
      "code" : "ME",
      "display" : "Montenegro"
    },
    {
      "code" : "MF",
      "display" : "Saint Martin (French part)"
    },
    {
      "code" : "MG",
      "display" : "Madagascar"
    },
    {
      "code" : "MH",
      "display" : "Marshall Islands"
    },
    {
      "code" : "MK",
      "display" : "Macedonia, the former Yugoslav Republic of"
    },
    {
      "code" : "ML",
      "display" : "Mali"
    },
    {
      "code" : "MM",
      "display" : "Myanmar"
    },
    {
      "code" : "MN",
      "display" : "Mongolia"
    },
    {
      "code" : "MO",
      "display" : "Macao"
    },
    {
      "code" : "MP",
      "display" : "Northern Mariana Islands"
    },
    {
      "code" : "MQ",
      "display" : "Martinique"
    },
    {
      "code" : "MR",
      "display" : "Mauritania"
    },
    {
      "code" : "MS",
      "display" : "Montserrat"
    },
    {
      "code" : "MT",
      "display" : "Malta"
    },
    {
      "code" : "MU",
      "display" : "Mauritius"
    },
    {
      "code" : "MV",
      "display" : "Maldives"
    },
    {
      "code" : "MW",
      "display" : "Malawi"
    },
    {
      "code" : "MX",
      "display" : "Mexico"
    },
    {
      "code" : "MY",
      "display" : "Malaysia"
    },
    {
      "code" : "MZ",
      "display" : "Mozambique"
    },
    {
      "code" : "NA",
      "display" : "Namibia"
    },
    {
      "code" : "NC",
      "display" : "New Caledonia"
    },
    {
      "code" : "NE",
      "display" : "Niger"
    },
    {
      "code" : "NF",
      "display" : "Norfolk Island"
    },
    {
      "code" : "NG",
      "display" : "Nigeria"
    },
    {
      "code" : "NI",
      "display" : "Nicaragua"
    },
    {
      "code" : "NL",
      "display" : "Netherlands"
    },
    {
      "code" : "NO",
      "display" : "Norway"
    },
    {
      "code" : "NP",
      "display" : "Nepal"
    },
    {
      "code" : "NR",
      "display" : "Nauru"
    },
    {
      "code" : "NU",
      "display" : "Niue"
    },
    {
      "code" : "NZ",
      "display" : "New Zealand"
    },
    {
      "code" : "OM",
      "display" : "Oman"
    },
    {
      "code" : "PA",
      "display" : "Panama"
    },
    {
      "code" : "PE",
      "display" : "Peru"
    },
    {
      "code" : "PF",
      "display" : "French Polynesia"
    },
    {
      "code" : "PG",
      "display" : "Papua New Guinea"
    },
    {
      "code" : "PH",
      "display" : "Philippines"
    },
    {
      "code" : "PK",
      "display" : "Pakistan"
    },
    {
      "code" : "PL",
      "display" : "Poland"
    },
    {
      "code" : "PM",
      "display" : "Saint Pierre and Miquelon"
    },
    {
      "code" : "PN",
      "display" : "Pitcairn"
    },
    {
      "code" : "PR",
      "display" : "Puerto Rico"
    },
    {
      "code" : "PS",
      "display" : "Palestine, State of"
    },
    {
      "code" : "PT",
      "display" : "Portugal"
    },
    {
      "code" : "PW",
      "display" : "Palau"
    },
    {
      "code" : "PY",
      "display" : "Paraguay"
    },
    {
      "code" : "QA",
      "display" : "Qatar"
    },
    {
      "code" : "RE",
      "display" : "Réunion"
    },
    {
      "code" : "RO",
      "display" : "Romania"
    },
    {
      "code" : "RS",
      "display" : "Serbia"
    },
    {
      "code" : "RU",
      "display" : "Russian Federation"
    },
    {
      "code" : "RW",
      "display" : "Rwanda"
    },
    {
      "code" : "SA",
      "display" : "Saudi Arabia"
    },
    {
      "code" : "SB",
      "display" : "Solomon Islands"
    },
    {
      "code" : "SC",
      "display" : "Seychelles"
    },
    {
      "code" : "SD",
      "display" : "Sudan"
    },
    {
      "code" : "SE",
      "display" : "Sweden"
    },
    {
      "code" : "SG",
      "display" : "Singapore"
    },
    {
      "code" : "SH",
      "display" : "Saint Helena, Ascension and Tristan da Cunha"
    },
    {
      "code" : "SI",
      "display" : "Slovenia"
    },
    {
      "code" : "SJ",
      "display" : "Svalbard and Jan Mayen"
    },
    {
      "code" : "SK",
      "display" : "Slovakia"
    },
    {
      "code" : "SL",
      "display" : "Sierra Leone"
    },
    {
      "code" : "SM",
      "display" : "San Marino"
    },
    {
      "code" : "SN",
      "display" : "Senegal"
    },
    {
      "code" : "SO",
      "display" : "Somalia"
    },
    {
      "code" : "SR",
      "display" : "Suriname"
    },
    {
      "code" : "SS",
      "display" : "South Sudan"
    },
    {
      "code" : "ST",
      "display" : "Sao Tome and Principe"
    },
    {
      "code" : "SV",
      "display" : "El Salvador"
    },
    {
      "code" : "SX",
      "display" : "Sint Maarten (Dutch part)"
    },
    {
      "code" : "SY",
      "display" : "Syrian Arab Republic"
    },
    {
      "code" : "SZ",
      "display" : "Swaziland"
    },
    {
      "code" : "TC",
      "display" : "Turks and Caicos Islands"
    },
    {
      "code" : "TD",
      "display" : "Chad"
    },
    {
      "code" : "TF",
      "display" : "French Southern Territories"
    },
    {
      "code" : "TG",
      "display" : "Togo"
    },
    {
      "code" : "TH",
      "display" : "Thailand"
    },
    {
      "code" : "TJ",
      "display" : "Tajikistan"
    },
    {
      "code" : "TK",
      "display" : "Tokelau"
    },
    {
      "code" : "TL",
      "display" : "Timor-Leste"
    },
    {
      "code" : "TM",
      "display" : "Turkmenistan"
    },
    {
      "code" : "TN",
      "display" : "Tunisia"
    },
    {
      "code" : "TO",
      "display" : "Tonga"
    },
    {
      "code" : "TR",
      "display" : "Turkey"
    },
    {
      "code" : "TT",
      "display" : "Trinidad and Tobago"
    },
    {
      "code" : "TV",
      "display" : "Tuvalu"
    },
    {
      "code" : "TW",
      "display" : "Taiwan, Province of China"
    },
    {
      "code" : "TZ",
      "display" : "Tanzania, United Republic of"
    },
    {
      "code" : "UA",
      "display" : "Ukraine"
    },
    {
      "code" : "UG",
      "display" : "Uganda"
    },
    {
      "code" : "UM",
      "display" : "United States Minor Outlying Islands"
    },
    {
      "code" : "US",
      "display" : "United States of America"
    },
    {
      "code" : "UY",
      "display" : "Uruguay"
    },
    {
      "code" : "UZ",
      "display" : "Uzbekistan"
    },
    {
      "code" : "VA",
      "display" : "Holy See"
    },
    {
      "code" : "VC",
      "display" : "Saint Vincent and the Grenadines"
    },
    {
      "code" : "VE",
      "display" : "Venezuela, Bolivarian Republic of"
    },
    {
      "code" : "VG",
      "display" : "Virgin Islands, British"
    },
    {
      "code" : "VI",
      "display" : "Virgin Islands,"
    },
    {
      "code" : "VN",
      "display" : "Viet Nam"
    },
    {
      "code" : "VU",
      "display" : "Vanuatu"
    },
    {
      "code" : "WF",
      "display" : "Wallis and Futuna"
    },
    {
      "code" : "WS",
      "display" : "Samoa"
    },
    {
      "code" : "YE",
      "display" : "Yemen"
    },
    {
      "code" : "YT",
      "display" : "Mayotte"
    },
    {
      "code" : "ZA",
      "display" : "South Africa"
    },
    {
      "code" : "ZM",
      "display" : "Zambia"
    },
    {
      "code" : "ZW",
      "display" : "Zimbabwe"
    },
    {
      "code" : "ABW",
      "display" : "Aruba"
    },
    {
      "code" : "AFG",
      "display" : "Afghanistan"
    },
    {
      "code" : "AGO",
      "display" : "Angola"
    },
    {
      "code" : "AIA",
      "display" : "Anguilla"
    },
    {
      "code" : "ALA",
      "display" : "Åland Islands"
    },
    {
      "code" : "ALB",
      "display" : "Albania"
    },
    {
      "code" : "AND",
      "display" : "Andorra"
    },
    {
      "code" : "ARE",
      "display" : "United Arab Emirates"
    },
    {
      "code" : "ARG",
      "display" : "Argentina"
    },
    {
      "code" : "ARM",
      "display" : "Armenia"
    },
    {
      "code" : "ASM",
      "display" : "American Samoa"
    },
    {
      "code" : "ATA",
      "display" : "Antarctica"
    },
    {
      "code" : "ATF",
      "display" : "French Southern Territories"
    },
    {
      "code" : "ATG",
      "display" : "Antigua and Barbuda"
    },
    {
      "code" : "AUS",
      "display" : "Australia"
    },
    {
      "code" : "AUT",
      "display" : "Austria"
    },
    {
      "code" : "AZE",
      "display" : "Azerbaijan"
    },
    {
      "code" : "BDI",
      "display" : "Burundi"
    },
    {
      "code" : "BEL",
      "display" : "Belgium"
    },
    {
      "code" : "BEN",
      "display" : "Benin"
    },
    {
      "code" : "BES",
      "display" : "Bonaire, Sint Eustatius and Saba"
    },
    {
      "code" : "BFA",
      "display" : "Burkina Faso"
    },
    {
      "code" : "BGD",
      "display" : "Bangladesh"
    },
    {
      "code" : "BGR",
      "display" : "Bulgaria"
    },
    {
      "code" : "BHR",
      "display" : "Bahrain"
    },
    {
      "code" : "BHS",
      "display" : "Bahamas"
    },
    {
      "code" : "BIH",
      "display" : "Bosnia and Herzegovina"
    },
    {
      "code" : "BLM",
      "display" : "Saint Barthélemy"
    },
    {
      "code" : "BLR",
      "display" : "Belarus"
    },
    {
      "code" : "BLZ",
      "display" : "Belize"
    },
    {
      "code" : "BMU",
      "display" : "Bermuda"
    },
    {
      "code" : "BOL",
      "display" : "Bolivia, Plurinational State of"
    },
    {
      "code" : "BRA",
      "display" : "Brazil"
    },
    {
      "code" : "BRB",
      "display" : "Barbados"
    },
    {
      "code" : "BRN",
      "display" : "Brunei Darussalam"
    },
    {
      "code" : "BTN",
      "display" : "Bhutan"
    },
    {
      "code" : "BVT",
      "display" : "Bouvet Island"
    },
    {
      "code" : "BWA",
      "display" : "Botswana"
    },
    {
      "code" : "CAF",
      "display" : "Central African Republic"
    },
    {
      "code" : "CAN",
      "display" : "Canada"
    },
    {
      "code" : "CCK",
      "display" : "Cocos (Keeling) Islands"
    },
    {
      "code" : "CHE",
      "display" : "Switzerland"
    },
    {
      "code" : "CHL",
      "display" : "Chile"
    },
    {
      "code" : "CHN",
      "display" : "China"
    },
    {
      "code" : "CIV",
      "display" : "Côte d''Ivoire"
    },
    {
      "code" : "CMR",
      "display" : "Cameroon"
    },
    {
      "code" : "COD",
      "display" : "Congo, the Democratic Republic of the"
    },
    {
      "code" : "COG",
      "display" : "Congo"
    },
    {
      "code" : "COK",
      "display" : "Cook Islands"
    },
    {
      "code" : "COL",
      "display" : "Colombia"
    },
    {
      "code" : "COM",
      "display" : "Comoros"
    },
    {
      "code" : "CPV",
      "display" : "Cabo Verde"
    },
    {
      "code" : "CRI",
      "display" : "Costa Rica"
    },
    {
      "code" : "CUB",
      "display" : "Cuba"
    },
    {
      "code" : "CUW",
      "display" : "Curaçao"
    },
    {
      "code" : "CXR",
      "display" : "Christmas Island"
    },
    {
      "code" : "CYM",
      "display" : "Cayman Islands"
    },
    {
      "code" : "CYP",
      "display" : "Cyprus"
    },
    {
      "code" : "CZE",
      "display" : "Czechia"
    },
    {
      "code" : "DEU",
      "display" : "Germany"
    },
    {
      "code" : "DJI",
      "display" : "Djibouti"
    },
    {
      "code" : "DMA",
      "display" : "Dominica"
    },
    {
      "code" : "DNK",
      "display" : "Denmark"
    },
    {
      "code" : "DOM",
      "display" : "Dominican Republic"
    },
    {
      "code" : "DZA",
      "display" : "Algeria"
    },
    {
      "code" : "ECU",
      "display" : "Ecuador"
    },
    {
      "code" : "EGY",
      "display" : "Egypt"
    },
    {
      "code" : "ERI",
      "display" : "Eritrea"
    },
    {
      "code" : "ESH",
      "display" : "Western Sahara"
    },
    {
      "code" : "ESP",
      "display" : "Spain"
    },
    {
      "code" : "EST",
      "display" : "Estonia"
    },
    {
      "code" : "ETH",
      "display" : "Ethiopia"
    },
    {
      "code" : "FIN",
      "display" : "Finland"
    },
    {
      "code" : "FJI",
      "display" : "Fiji"
    },
    {
      "code" : "FLK",
      "display" : "Falkland Islands (Malvinas)"
    },
    {
      "code" : "FRA",
      "display" : "France"
    },
    {
      "code" : "FRO",
      "display" : "Faroe Islands"
    },
    {
      "code" : "FSM",
      "display" : "Micronesia, Federated States of"
    },
    {
      "code" : "GAB",
      "display" : "Gabon"
    },
    {
      "code" : "GBR",
      "display" : "United Kingdom"
    },
    {
      "code" : "GEO",
      "display" : "Georgia"
    },
    {
      "code" : "GGY",
      "display" : "Guernsey"
    },
    {
      "code" : "GHA",
      "display" : "Ghana"
    },
    {
      "code" : "GIB",
      "display" : "Gibraltar"
    },
    {
      "code" : "GIN",
      "display" : "Guinea"
    },
    {
      "code" : "GLP",
      "display" : "Guadeloupe"
    },
    {
      "code" : "GMB",
      "display" : "Gambia"
    },
    {
      "code" : "GNB",
      "display" : "Guinea-Bissau"
    },
    {
      "code" : "GNQ",
      "display" : "Equatorial Guinea"
    },
    {
      "code" : "GRC",
      "display" : "Greece"
    },
    {
      "code" : "GRD",
      "display" : "Grenada"
    },
    {
      "code" : "GRL",
      "display" : "Greenland"
    },
    {
      "code" : "GTM",
      "display" : "Guatemala"
    },
    {
      "code" : "GUF",
      "display" : "French Guiana"
    },
    {
      "code" : "GUM",
      "display" : "Guam"
    },
    {
      "code" : "GUY",
      "display" : "Guyana"
    },
    {
      "code" : "HKG",
      "display" : "Hong Kong"
    },
    {
      "code" : "HMD",
      "display" : "Heard Island and McDonald Islands"
    },
    {
      "code" : "HND",
      "display" : "Honduras"
    },
    {
      "code" : "HRV",
      "display" : "Croatia"
    },
    {
      "code" : "HTI",
      "display" : "Haiti"
    },
    {
      "code" : "HUN",
      "display" : "Hungary"
    },
    {
      "code" : "IDN",
      "display" : "Indonesia"
    },
    {
      "code" : "IMN",
      "display" : "Isle of Man"
    },
    {
      "code" : "IND",
      "display" : "India"
    },
    {
      "code" : "IOT",
      "display" : "British Indian Ocean Territory"
    },
    {
      "code" : "IRL",
      "display" : "Ireland"
    },
    {
      "code" : "IRN",
      "display" : "Iran, Islamic Republic of"
    },
    {
      "code" : "IRQ",
      "display" : "Iraq"
    },
    {
      "code" : "ISL",
      "display" : "Iceland"
    },
    {
      "code" : "ISR",
      "display" : "Israel"
    },
    {
      "code" : "ITA",
      "display" : "Italy"
    },
    {
      "code" : "JAM",
      "display" : "Jamaica"
    },
    {
      "code" : "JEY",
      "display" : "Jersey"
    },
    {
      "code" : "JOR",
      "display" : "Jordan"
    },
    {
      "code" : "JPN",
      "display" : "Japan"
    },
    {
      "code" : "KAZ",
      "display" : "Kazakhstan"
    },
    {
      "code" : "KEN",
      "display" : "Kenya"
    },
    {
      "code" : "KGZ",
      "display" : "Kyrgyzstan"
    },
    {
      "code" : "KHM",
      "display" : "Cambodia"
    },
    {
      "code" : "KIR",
      "display" : "Kiribati"
    },
    {
      "code" : "KNA",
      "display" : "Saint Kitts and Nevis"
    },
    {
      "code" : "KOR",
      "display" : "Korea, Republic of"
    },
    {
      "code" : "KWT",
      "display" : "Kuwait"
    },
    {
      "code" : "LAO",
      "display" : "Lao People''s Democratic Republic"
    },
    {
      "code" : "LBN",
      "display" : "Lebanon"
    },
    {
      "code" : "LBR",
      "display" : "Liberia"
    },
    {
      "code" : "LBY",
      "display" : "Libya"
    },
    {
      "code" : "LCA",
      "display" : "Saint Lucia"
    },
    {
      "code" : "LIE",
      "display" : "Liechtenstein"
    },
    {
      "code" : "LKA",
      "display" : "Sri Lanka"
    },
    {
      "code" : "LSO",
      "display" : "Lesotho"
    },
    {
      "code" : "LTU",
      "display" : "Lithuania"
    },
    {
      "code" : "LUX",
      "display" : "Luxembourg"
    },
    {
      "code" : "LVA",
      "display" : "Latvia"
    },
    {
      "code" : "MAC",
      "display" : "Macao"
    },
    {
      "code" : "MAF",
      "display" : "Saint Martin (French part)"
    },
    {
      "code" : "MAR",
      "display" : "Morocco"
    },
    {
      "code" : "MCO",
      "display" : "Monaco"
    },
    {
      "code" : "MDA",
      "display" : "Moldova, Republic of"
    },
    {
      "code" : "MDG",
      "display" : "Madagascar"
    },
    {
      "code" : "MDV",
      "display" : "Maldives"
    },
    {
      "code" : "MEX",
      "display" : "Mexico"
    },
    {
      "code" : "MHL",
      "display" : "Marshall Islands"
    },
    {
      "code" : "MKD",
      "display" : "Macedonia, the former Yugoslav Republic of"
    },
    {
      "code" : "MLI",
      "display" : "Mali"
    },
    {
      "code" : "MLT",
      "display" : "Malta"
    },
    {
      "code" : "MMR",
      "display" : "Myanmar"
    },
    {
      "code" : "MNE",
      "display" : "Montenegro"
    },
    {
      "code" : "MNG",
      "display" : "Mongolia"
    },
    {
      "code" : "MNP",
      "display" : "Northern Mariana Islands"
    },
    {
      "code" : "MOZ",
      "display" : "Mozambique"
    },
    {
      "code" : "MRT",
      "display" : "Mauritania"
    },
    {
      "code" : "MSR",
      "display" : "Montserrat"
    },
    {
      "code" : "MTQ",
      "display" : "Martinique"
    },
    {
      "code" : "MUS",
      "display" : "Mauritius"
    },
    {
      "code" : "MWI",
      "display" : "Malawi"
    },
    {
      "code" : "MYS",
      "display" : "Malaysia"
    },
    {
      "code" : "MYT",
      "display" : "Mayotte"
    },
    {
      "code" : "NAM",
      "display" : "Namibia"
    },
    {
      "code" : "NCL",
      "display" : "New Caledonia"
    },
    {
      "code" : "NER",
      "display" : "Niger"
    },
    {
      "code" : "NFK",
      "display" : "Norfolk Island"
    },
    {
      "code" : "NGA",
      "display" : "Nigeria"
    },
    {
      "code" : "NIC",
      "display" : "Nicaragua"
    },
    {
      "code" : "NIU",
      "display" : "Niue"
    },
    {
      "code" : "NLD",
      "display" : "Netherlands"
    },
    {
      "code" : "NOR",
      "display" : "Norway"
    },
    {
      "code" : "NPL",
      "display" : "Nepal"
    },
    {
      "code" : "NRU",
      "display" : "Nauru"
    },
    {
      "code" : "NZL",
      "display" : "New Zealand"
    },
    {
      "code" : "OMN",
      "display" : "Oman"
    },
    {
      "code" : "PAK",
      "display" : "Pakistan"
    },
    {
      "code" : "PAN",
      "display" : "Panama"
    },
    {
      "code" : "PCN",
      "display" : "Pitcairn"
    },
    {
      "code" : "PER",
      "display" : "Peru"
    },
    {
      "code" : "PHL",
      "display" : "Philippines"
    },
    {
      "code" : "PLW",
      "display" : "Palau"
    },
    {
      "code" : "PNG",
      "display" : "Papua New Guinea"
    },
    {
      "code" : "POL",
      "display" : "Poland"
    },
    {
      "code" : "PRI",
      "display" : "Puerto Rico"
    },
    {
      "code" : "PRK",
      "display" : "Korea, Democratic People''s Republic of"
    },
    {
      "code" : "PRT",
      "display" : "Portugal"
    },
    {
      "code" : "PRY",
      "display" : "Paraguay"
    },
    {
      "code" : "PSE",
      "display" : "Palestine, State of"
    },
    {
      "code" : "PYF",
      "display" : "French Polynesia"
    },
    {
      "code" : "QAT",
      "display" : "Qatar"
    },
    {
      "code" : "REU",
      "display" : "Réunion"
    },
    {
      "code" : "ROU",
      "display" : "Romania"
    },
    {
      "code" : "RUS",
      "display" : "Russian Federation"
    },
    {
      "code" : "RWA",
      "display" : "Rwanda"
    },
    {
      "code" : "SAU",
      "display" : "Saudi Arabia"
    },
    {
      "code" : "SDN",
      "display" : "Sudan"
    },
    {
      "code" : "SEN",
      "display" : "Senegal"
    },
    {
      "code" : "SGP",
      "display" : "Singapore"
    },
    {
      "code" : "SGS",
      "display" : "South Georgia and the South Sandwich Islands"
    },
    {
      "code" : "SHN",
      "display" : "Saint Helena, Ascension and Tristan da Cunha"
    },
    {
      "code" : "SJM",
      "display" : "Svalbard and Jan Mayen"
    },
    {
      "code" : "SLB",
      "display" : "Solomon Islands"
    },
    {
      "code" : "SLE",
      "display" : "Sierra Leone"
    },
    {
      "code" : "SLV",
      "display" : "El Salvador"
    },
    {
      "code" : "SMR",
      "display" : "San Marino"
    },
    {
      "code" : "SOM",
      "display" : "Somalia"
    },
    {
      "code" : "SPM",
      "display" : "Saint Pierre and Miquelon"
    },
    {
      "code" : "SRB",
      "display" : "Serbia"
    },
    {
      "code" : "SSD",
      "display" : "South Sudan"
    },
    {
      "code" : "STP",
      "display" : "Sao Tome and Principe"
    },
    {
      "code" : "SUR",
      "display" : "Suriname"
    },
    {
      "code" : "SVK",
      "display" : "Slovakia"
    },
    {
      "code" : "SVN",
      "display" : "Slovenia"
    },
    {
      "code" : "SWE",
      "display" : "Sweden"
    },
    {
      "code" : "SWZ",
      "display" : "Swaziland"
    },
    {
      "code" : "SXM",
      "display" : "Sint Maarten (Dutch part)"
    },
    {
      "code" : "SYC",
      "display" : "Seychelles"
    },
    {
      "code" : "SYR",
      "display" : "Syrian Arab Republic"
    },
    {
      "code" : "TCA",
      "display" : "Turks and Caicos Islands"
    },
    {
      "code" : "TCD",
      "display" : "Chad"
    },
    {
      "code" : "TGO",
      "display" : "Togo"
    },
    {
      "code" : "THA",
      "display" : "Thailand"
    },
    {
      "code" : "TJK",
      "display" : "Tajikistan"
    },
    {
      "code" : "TKL",
      "display" : "Tokelau"
    },
    {
      "code" : "TKM",
      "display" : "Turkmenistan"
    },
    {
      "code" : "TLS",
      "display" : "Timor-Leste"
    },
    {
      "code" : "TON",
      "display" : "Tonga"
    },
    {
      "code" : "TTO",
      "display" : "Trinidad and Tobago"
    },
    {
      "code" : "TUN",
      "display" : "Tunisia"
    },
    {
      "code" : "TUR",
      "display" : "Turkey"
    },
    {
      "code" : "TUV",
      "display" : "Tuvalu"
    },
    {
      "code" : "TWN",
      "display" : "Taiwan, Province of China"
    },
    {
      "code" : "TZA",
      "display" : "Tanzania, United Republic of"
    },
    {
      "code" : "UGA",
      "display" : "Uganda"
    },
    {
      "code" : "UKR",
      "display" : "Ukraine"
    },
    {
      "code" : "UMI",
      "display" : "United States Minor Outlying Islands"
    },
    {
      "code" : "URY",
      "display" : "Uruguay"
    },
    {
      "code" : "USA",
      "display" : "United States of America"
    },
    {
      "code" : "UZB",
      "display" : "Uzbekistan"
    },
    {
      "code" : "VAT",
      "display" : "Holy See"
    },
    {
      "code" : "VCT",
      "display" : "Saint Vincent and the Grenadines"
    },
    {
      "code" : "VEN",
      "display" : "Venezuela, Bolivarian Republic of"
    },
    {
      "code" : "VGB",
      "display" : "Virgin Islands, British"
    },
    {
      "code" : "VIR",
      "display" : "Virgin Islands, U.S."
    },
    {
      "code" : "VNM",
      "display" : "Viet Nam"
    },
    {
      "code" : "VUT",
      "display" : "Vanuatu"
    },
    {
      "code" : "WLF",
      "display" : "Wallis and Futuna"
    },
    {
      "code" : "WSM",
      "display" : "Samoa"
    },
    {
      "code" : "YEM",
      "display" : "Yemen"
    },
    {
      "code" : "ZAF",
      "display" : "South Africa"
    },
    {
      "code" : "ZMB",
      "display" : "Zambia"
    },
    {
      "code" : "ZWE",
      "display" : "Zimbabwe"
    },
    {
      "code" : "004",
      "display" : "Afghanistan"
    },
    {
      "code" : "008",
      "display" : "Albania"
    },
    {
      "code" : "010",
      "display" : "Antarctica"
    },
    {
      "code" : "012",
      "display" : "Algeria"
    },
    {
      "code" : "016",
      "display" : "American Samoa"
    },
    {
      "code" : "020",
      "display" : "Andorra"
    },
    {
      "code" : "024",
      "display" : "Angola"
    },
    {
      "code" : "028",
      "display" : "Antigua and Barbuda"
    },
    {
      "code" : "031",
      "display" : "Azerbaijan"
    },
    {
      "code" : "032",
      "display" : "Argentina"
    },
    {
      "code" : "036",
      "display" : "Australia"
    },
    {
      "code" : "040",
      "display" : "Austria"
    },
    {
      "code" : "044",
      "display" : "Bahamas"
    },
    {
      "code" : "048",
      "display" : "Bahrain"
    },
    {
      "code" : "050",
      "display" : "Bangladesh"
    },
    {
      "code" : "051",
      "display" : "Armenia"
    },
    {
      "code" : "052",
      "display" : "Barbados"
    },
    {
      "code" : "056",
      "display" : "Belgium"
    },
    {
      "code" : "060",
      "display" : "Bermuda"
    },
    {
      "code" : "064",
      "display" : "Bhutan"
    },
    {
      "code" : "068",
      "display" : "Bolivia, Plurinational State of"
    },
    {
      "code" : "070",
      "display" : "Bosnia and Herzegovina"
    },
    {
      "code" : "072",
      "display" : "Botswana"
    },
    {
      "code" : "074",
      "display" : "Bouvet Island"
    },
    {
      "code" : "076",
      "display" : "Brazil"
    },
    {
      "code" : "084",
      "display" : "Belize"
    },
    {
      "code" : "086",
      "display" : "British Indian Ocean Territory"
    },
    {
      "code" : "090",
      "display" : "Solomon Islands"
    },
    {
      "code" : "092",
      "display" : "Virgin Islands, British"
    },
    {
      "code" : "096",
      "display" : "Brunei Darussalam"
    },
    {
      "code" : "100",
      "display" : "Bulgaria"
    },
    {
      "code" : "104",
      "display" : "Myanmar"
    },
    {
      "code" : "108",
      "display" : "Burundi"
    },
    {
      "code" : "112",
      "display" : "Belarus"
    },
    {
      "code" : "116",
      "display" : "Cambodia"
    },
    {
      "code" : "120",
      "display" : "Cameroon"
    },
    {
      "code" : "124",
      "display" : "Canada"
    },
    {
      "code" : "132",
      "display" : "Cabo Verde"
    },
    {
      "code" : "136",
      "display" : "Cayman Islands"
    },
    {
      "code" : "140",
      "display" : "Central African Republic"
    },
    {
      "code" : "144",
      "display" : "Sri Lanka"
    },
    {
      "code" : "148",
      "display" : "Chad"
    },
    {
      "code" : "152",
      "display" : "Chile"
    },
    {
      "code" : "156",
      "display" : "China"
    },
    {
      "code" : "158",
      "display" : "Taiwan, Province of China"
    },
    {
      "code" : "162",
      "display" : "Christmas Island"
    },
    {
      "code" : "166",
      "display" : "Cocos (Keeling) Islands"
    },
    {
      "code" : "170",
      "display" : "Colombia"
    },
    {
      "code" : "174",
      "display" : "Comoros"
    },
    {
      "code" : "175",
      "display" : "Mayotte"
    },
    {
      "code" : "178",
      "display" : "Congo"
    },
    {
      "code" : "180",
      "display" : "Congo, the Democratic Republic of the"
    },
    {
      "code" : "184",
      "display" : "Cook Islands"
    },
    {
      "code" : "188",
      "display" : "Costa Rica"
    },
    {
      "code" : "191",
      "display" : "Croatia"
    },
    {
      "code" : "192",
      "display" : "Cuba"
    },
    {
      "code" : "196",
      "display" : "Cyprus"
    },
    {
      "code" : "203",
      "display" : "Czechia"
    },
    {
      "code" : "204",
      "display" : "Benin"
    },
    {
      "code" : "208",
      "display" : "Denmark"
    },
    {
      "code" : "212",
      "display" : "Dominica"
    },
    {
      "code" : "214",
      "display" : "Dominican Republic"
    },
    {
      "code" : "218",
      "display" : "Ecuador"
    },
    {
      "code" : "222",
      "display" : "El Salvador"
    },
    {
      "code" : "226",
      "display" : "Equatorial Guinea"
    },
    {
      "code" : "231",
      "display" : "Ethiopia"
    },
    {
      "code" : "232",
      "display" : "Eritrea"
    },
    {
      "code" : "233",
      "display" : "Estonia"
    },
    {
      "code" : "234",
      "display" : "Faroe Islands"
    },
    {
      "code" : "238",
      "display" : "Falkland Islands (Malvinas)"
    },
    {
      "code" : "239",
      "display" : "South Georgia and the South Sandwich Islands"
    },
    {
      "code" : "242",
      "display" : "Fiji"
    },
    {
      "code" : "246",
      "display" : "Finland"
    },
    {
      "code" : "248",
      "display" : "Åland Islands"
    },
    {
      "code" : "250",
      "display" : "France"
    },
    {
      "code" : "254",
      "display" : "French Guiana"
    },
    {
      "code" : "258",
      "display" : "French Polynesia"
    },
    {
      "code" : "260",
      "display" : "French Southern Territories"
    },
    {
      "code" : "262",
      "display" : "Djibouti"
    },
    {
      "code" : "266",
      "display" : "Gabon"
    },
    {
      "code" : "268",
      "display" : "Georgia"
    },
    {
      "code" : "270",
      "display" : "Gambia"
    },
    {
      "code" : "275",
      "display" : "Palestine, State of"
    },
    {
      "code" : "276",
      "display" : "Germany"
    },
    {
      "code" : "288",
      "display" : "Ghana"
    },
    {
      "code" : "292",
      "display" : "Gibraltar"
    },
    {
      "code" : "296",
      "display" : "Kiribati"
    },
    {
      "code" : "300",
      "display" : "Greece"
    },
    {
      "code" : "304",
      "display" : "Greenland"
    },
    {
      "code" : "308",
      "display" : "Grenada"
    },
    {
      "code" : "312",
      "display" : "Guadeloupe"
    },
    {
      "code" : "316",
      "display" : "Guam"
    },
    {
      "code" : "320",
      "display" : "Guatemala"
    },
    {
      "code" : "324",
      "display" : "Guinea"
    },
    {
      "code" : "328",
      "display" : "Guyana"
    },
    {
      "code" : "332",
      "display" : "Haiti"
    },
    {
      "code" : "334",
      "display" : "Heard Island and McDonald Islands"
    },
    {
      "code" : "336",
      "display" : "Holy See"
    },
    {
      "code" : "340",
      "display" : "Honduras"
    },
    {
      "code" : "344",
      "display" : "Hong Kong"
    },
    {
      "code" : "348",
      "display" : "Hungary"
    },
    {
      "code" : "352",
      "display" : "Iceland"
    },
    {
      "code" : "356",
      "display" : "India"
    },
    {
      "code" : "360",
      "display" : "Indonesia"
    },
    {
      "code" : "364",
      "display" : "Iran, Islamic Republic of"
    },
    {
      "code" : "368",
      "display" : "Iraq"
    },
    {
      "code" : "372",
      "display" : "Ireland"
    },
    {
      "code" : "376",
      "display" : "Israel"
    },
    {
      "code" : "380",
      "display" : "Italy"
    },
    {
      "code" : "384",
      "display" : "Côte d''Ivoire"
    },
    {
      "code" : "388",
      "display" : "Jamaica"
    },
    {
      "code" : "392",
      "display" : "Japan"
    },
    {
      "code" : "398",
      "display" : "Kazakhstan"
    },
    {
      "code" : "400",
      "display" : "Jordan"
    },
    {
      "code" : "404",
      "display" : "Kenya"
    },
    {
      "code" : "408",
      "display" : "Korea, Democratic People''s Republic of"
    },
    {
      "code" : "410",
      "display" : "Korea, Republic of"
    },
    {
      "code" : "414",
      "display" : "Kuwait"
    },
    {
      "code" : "417",
      "display" : "Kyrgyzstan"
    },
    {
      "code" : "418",
      "display" : "Lao People''s Democratic Republic"
    },
    {
      "code" : "422",
      "display" : "Lebanon"
    },
    {
      "code" : "426",
      "display" : "Lesotho"
    },
    {
      "code" : "428",
      "display" : "Latvia"
    },
    {
      "code" : "430",
      "display" : "Liberia"
    },
    {
      "code" : "434",
      "display" : "Libya"
    },
    {
      "code" : "438",
      "display" : "Liechtenstein"
    },
    {
      "code" : "440",
      "display" : "Lithuania"
    },
    {
      "code" : "442",
      "display" : "Luxembourg"
    },
    {
      "code" : "446",
      "display" : "Macao"
    },
    {
      "code" : "450",
      "display" : "Madagascar"
    },
    {
      "code" : "454",
      "display" : "Malawi"
    },
    {
      "code" : "458",
      "display" : "Malaysia"
    },
    {
      "code" : "462",
      "display" : "Maldives"
    },
    {
      "code" : "466",
      "display" : "Mali"
    },
    {
      "code" : "470",
      "display" : "Malta"
    },
    {
      "code" : "474",
      "display" : "Martinique"
    },
    {
      "code" : "478",
      "display" : "Mauritania"
    },
    {
      "code" : "480",
      "display" : "Mauritius"
    },
    {
      "code" : "484",
      "display" : "Mexico"
    },
    {
      "code" : "492",
      "display" : "Monaco"
    },
    {
      "code" : "496",
      "display" : "Mongolia"
    },
    {
      "code" : "498",
      "display" : "Moldova, Republic of"
    },
    {
      "code" : "499",
      "display" : "Montenegro"
    },
    {
      "code" : "500",
      "display" : "Montserrat"
    },
    {
      "code" : "504",
      "display" : "Morocco"
    },
    {
      "code" : "508",
      "display" : "Mozambique"
    },
    {
      "code" : "512",
      "display" : "Oman"
    },
    {
      "code" : "516",
      "display" : "Namibia"
    },
    {
      "code" : "520",
      "display" : "Nauru"
    },
    {
      "code" : "524",
      "display" : "Nepal"
    },
    {
      "code" : "528",
      "display" : "Netherlands"
    },
    {
      "code" : "531",
      "display" : "Curaçao"
    },
    {
      "code" : "533",
      "display" : "Aruba"
    },
    {
      "code" : "534",
      "display" : "Sint Maarten (Dutch part)"
    },
    {
      "code" : "535",
      "display" : "Bonaire, Sint Eustatius and Saba"
    },
    {
      "code" : "540",
      "display" : "New Caledonia"
    },
    {
      "code" : "548",
      "display" : "Vanuatu"
    },
    {
      "code" : "554",
      "display" : "New Zealand"
    },
    {
      "code" : "558",
      "display" : "Nicaragua"
    },
    {
      "code" : "562",
      "display" : "Niger"
    },
    {
      "code" : "566",
      "display" : "Nigeria"
    },
    {
      "code" : "570",
      "display" : "Niue"
    },
    {
      "code" : "574",
      "display" : "Norfolk Island"
    },
    {
      "code" : "578",
      "display" : "Norway"
    },
    {
      "code" : "580",
      "display" : "Northern Mariana Islands"
    },
    {
      "code" : "581",
      "display" : "United States Minor Outlying Islands"
    },
    {
      "code" : "583",
      "display" : "Micronesia, Federated States of"
    },
    {
      "code" : "584",
      "display" : "Marshall Islands"
    },
    {
      "code" : "585",
      "display" : "Palau"
    },
    {
      "code" : "586",
      "display" : "Pakistan"
    },
    {
      "code" : "591",
      "display" : "Panama"
    },
    {
      "code" : "598",
      "display" : "Papua New Guinea"
    },
    {
      "code" : "600",
      "display" : "Paraguay"
    },
    {
      "code" : "604",
      "display" : "Peru"
    },
    {
      "code" : "608",
      "display" : "Philippines"
    },
    {
      "code" : "612",
      "display" : "Pitcairn"
    },
    {
      "code" : "616",
      "display" : "Poland"
    },
    {
      "code" : "620",
      "display" : "Portugal"
    },
    {
      "code" : "624",
      "display" : "Guinea-Bissau"
    },
    {
      "code" : "626",
      "display" : "Timor-Leste"
    },
    {
      "code" : "630",
      "display" : "Puerto Rico"
    },
    {
      "code" : "634",
      "display" : "Qatar"
    },
    {
      "code" : "638",
      "display" : "Réunion"
    },
    {
      "code" : "642",
      "display" : "Romania"
    },
    {
      "code" : "643",
      "display" : "Russian Federation"
    },
    {
      "code" : "646",
      "display" : "Rwanda"
    },
    {
      "code" : "652",
      "display" : "Saint Barthélemy"
    },
    {
      "code" : "654",
      "display" : "Saint Helena, Ascension and Tristan da Cunha"
    },
    {
      "code" : "659",
      "display" : "Saint Kitts and Nevis"
    },
    {
      "code" : "660",
      "display" : "Anguilla"
    },
    {
      "code" : "662",
      "display" : "Saint Lucia"
    },
    {
      "code" : "663",
      "display" : "Saint Martin (French part)"
    },
    {
      "code" : "666",
      "display" : "Saint Pierre and Miquelon"
    },
    {
      "code" : "670",
      "display" : "Saint Vincent and the Grenadines"
    },
    {
      "code" : "674",
      "display" : "San Marino"
    },
    {
      "code" : "678",
      "display" : "Sao Tome and Principe"
    },
    {
      "code" : "682",
      "display" : "Saudi Arabia"
    },
    {
      "code" : "686",
      "display" : "Senegal"
    },
    {
      "code" : "688",
      "display" : "Serbia"
    },
    {
      "code" : "690",
      "display" : "Seychelles"
    },
    {
      "code" : "694",
      "display" : "Sierra Leone"
    },
    {
      "code" : "702",
      "display" : "Singapore"
    },
    {
      "code" : "703",
      "display" : "Slovakia"
    },
    {
      "code" : "704",
      "display" : "Viet Nam"
    },
    {
      "code" : "705",
      "display" : "Slovenia"
    },
    {
      "code" : "706",
      "display" : "Somalia"
    },
    {
      "code" : "710",
      "display" : "South Africa"
    },
    {
      "code" : "716",
      "display" : "Zimbabwe"
    },
    {
      "code" : "724",
      "display" : "Spain"
    },
    {
      "code" : "728",
      "display" : "South Sudan"
    },
    {
      "code" : "729",
      "display" : "Sudan"
    },
    {
      "code" : "732",
      "display" : "Western Sahara"
    },
    {
      "code" : "740",
      "display" : "Suriname"
    },
    {
      "code" : "744",
      "display" : "Svalbard and Jan Mayen"
    },
    {
      "code" : "748",
      "display" : "Swaziland"
    },
    {
      "code" : "752",
      "display" : "Sweden"
    },
    {
      "code" : "756",
      "display" : "Switzerland"
    },
    {
      "code" : "760",
      "display" : "Syrian Arab Republic"
    },
    {
      "code" : "762",
      "display" : "Tajikistan"
    },
    {
      "code" : "764",
      "display" : "Thailand"
    },
    {
      "code" : "768",
      "display" : "Togo"
    },
    {
      "code" : "772",
      "display" : "Tokelau"
    },
    {
      "code" : "776",
      "display" : "Tonga"
    },
    {
      "code" : "780",
      "display" : "Trinidad and Tobago"
    },
    {
      "code" : "784",
      "display" : "United Arab Emirates"
    },
    {
      "code" : "788",
      "display" : "Tunisia"
    },
    {
      "code" : "792",
      "display" : "Turkey"
    },
    {
      "code" : "795",
      "display" : "Turkmenistan"
    },
    {
      "code" : "796",
      "display" : "Turks and Caicos Islands"
    },
    {
      "code" : "798",
      "display" : "Tuvalu"
    },
    {
      "code" : "800",
      "display" : "Uganda"
    },
    {
      "code" : "804",
      "display" : "Ukraine"
    },
    {
      "code" : "807",
      "display" : "Macedonia, the former Yugoslav Republic of"
    },
    {
      "code" : "818",
      "display" : "Egypt"
    },
    {
      "code" : "826",
      "display" : "United Kingdom"
    },
    {
      "code" : "831",
      "display" : "Guernsey"
    },
    {
      "code" : "832",
      "display" : "Jersey"
    },
    {
      "code" : "833",
      "display" : "Isle of Man"
    },
    {
      "code" : "834",
      "display" : "Tanzania, United Republic of"
    },
    {
      "code" : "840",
      "display" : "United States of America"
    },
    {
      "code" : "850",
      "display" : "Virgin Islands, U.S."
    },
    {
      "code" : "854",
      "display" : "Burkina Faso"
    },
    {
      "code" : "858",
      "display" : "Uruguay"
    },
    {
      "code" : "860",
      "display" : "Uzbekistan"
    },
    {
      "code" : "862",
      "display" : "Venezuela, Bolivarian Republic of"
    },
    {
      "code" : "876",
      "display" : "Wallis and Futuna"
    },
    {
      "code" : "882",
      "display" : "Samoa"
    },
    {
      "code" : "887",
      "display" : "Yemen"
    },
    {
      "code" : "894",
      "display" : "Zambia"
    }
  ]
}
